name,goals_per90,assists_per90,goals_assists_pens_per90
Kevin Vázquez,"['0.00', '0.00', None]","['0.00', '0.00', None]","['0.00', '0.00', None]"
Felipe,"0.05,0.06,0.00","0.05,0.00,0.00","0.10,0.06,0.00"
Thibaut Courtois,,,
Diego Pampín,,,
Iago Domínguez,,,
Álvaro Vadillo,"['0.19', None, '0.00']","['0.06', None, '0.00']","['0.19', None, '0.00']"
Jorge Sáenz,"['0.12', '0.00', None]","['0.06', '0.00', None]","['0.18', '0.00', None]"
Ivan Šaponjić,"[None, '0.00', None]","[None, '0.00', None]","[None, '0.00', None]"
Juan Peñaloza,,,
Javi Martínez,,,
Nicholas Opoku,,,
Gorka Zabarte,,,
Jean-Pierre Rhyner,,,
Aimar Oroz,,,
Javier Delgado,,,
Ricard Sánchez,,,
Juan Pérez,,,
Quini,"['0.04', '0.00', None]","['0.00', '0.00', None]","['0.04', '0.00', None]"
João Paulo Santos Costa,,,
Aarón Escandell,,,
Antonio Cortés,"['0.48', None, '4.50']","['0.00', None, '0.00']","['0.48', None, '4.50']"
Luis Javier Suárez,"0.27,0.53,0.00","0.04,0.11,0.00","0.31,0.56,0.00"
José Campaña,"0.11,0.06,0.00","0.24,0.19,0.25","0.35,0.25,0.25"
Yan Brice Eteki,"0.00,0.00,0.00","0.03,0.00,0.00","0.03,0.00,0.00"
Alberto Soro,"0.13,0.15,0.00","0.13,0.23,0.00","0.25,0.38,0.00"
Fede Vico,"0.16,0.20,0.00","0.22,0.10,0.00","0.35,0.20,0.00"
Rubén,,,
Ángel Montoro,"0.15,0.18,0.00","0.15,0.46,1.02","0.31,0.65,1.02"
Víctor Díaz,"0.05,0.03,0.00","0.00,0.14,0.00","0.05,0.17,0.00"
Ramon Azeez,"0.00,0.12,0.00","0.00,0.06,0.00","0.00,0.18,0.00"
Jorge Molina,"0.52,0.26,0.57","0.16,0.13,0.00","0.61,0.30,0.57"
Germán Sánchez,"0.03,0.10,0.46","0.03,0.00,0.00","0.05,0.10,0.46"
Carlos Neva,"0.00,0.00,0.00","0.00,0.04,0.00","0.00,0.04,0.00"
Kenedy,"[None, '0.28', '0.00']","[None, '0.47', '0.57']","[None, '0.75', '0.57']"
Darwin Machís,"0.15,0.26,0.44","0.15,0.26,0.44","0.31,0.49,0.88"
Jesús Vallejo,"0.00,0.00,0.00","0.00,0.00,0.00","0.00,0.00,0.00"
Guillem Molina Gutiérrez,,,
Koba Koindredi,,,
Cristian,,,
Jasper Cillessen,,,
Domingos Duarte,"0.10,0.08,0.00","0.00,0.03,0.00","0.10,0.11,0.00"
Carlos Soler,"0.09,0.09,0.00","0.21,0.00,0.00","0.31,0.09,0.00"
Toni Lato,"0.00,0.19,0.00","0.00,0.00,0.00","0.00,0.19,0.00"
Rubén Sobrino,"0.21,0.44,0.00","0.21,0.00,0.00","0.43,0.44,0.00"
Denis Cheryshev,"0.16,0.22,0.00","0.20,0.15,4.50","0.36,0.37,4.50"
Eliaquim Mangala,"0.00,0.00,0.00","0.00,0.00,0.00","0.00,0.00,0.00"
Alejandro Blanco,"0.00,0.29,0.00","0.00,0.10,0.00","0.00,0.39,0.00"
Uroš Račić,"0.00,0.11,0.00","0.00,0.04,0.00","0.00,0.15,0.00"
Roberto Soldado,"0.37,0.34,0.47","0.25,0.17,0.00","0.62,0.45,0.47"
Antonio Puertas,"0.37,0.21,0.00","0.07,0.12,0.00","0.44,0.33,0.00"
Luis Milla,"0.05,0.23,0.27","0.13,0.17,0.00","0.18,0.26,0.27"
Maxime Gonalons,"0.00,0.05,0.00","0.00,0.05,0.00","0.00,0.09,0.00"
Yangel Herrera,"0.00,0.06,0.30","0.00,0.10,0.00","0.00,0.16,0.30"
Rui Silva,,,
Esquerdo,"0.00,0.00","0.00,0.00","0.00,0.00"
Manu Vallejo,"0.32,0.37,1.29","0.10,0.00,0.00","0.42,0.37,1.29"
Yunus Musah,,,
Hugo Guillamón,,,
Lee Kangin,"0.00,0.25,0.00","0.00,0.00,0.80","0.00,0.25,0.80"
Thierry Correia,"0.00,0.00,0.00","0.00,0.00,0.00","0.00,0.00,0.00"
Jason,"0.07,0.07,0.00","0.19,0.27,0.00","0.26,0.34,0.00"
Gabriel Paulista,"0.00,0.02,0.50","0.02,0.02,0.00","0.02,0.05,0.50"
Juan Flere,,,
Kévin Gameiro,"0.41,0.35,0.00","0.20,0.13,0.00","0.61,0.48,0.00"
Saturday Erimuya,,,
Mouctar Diakhaby,"0.09,0.00,0.00","0.00,0.00,0.00","0.09,0.00,0.00"
Gonçalo Guedes,"0.29,0.12,0.00","0.15,0.12,0.00","0.44,0.24,0.00"
Maxi Gómez,"0.39,0.32,0.60","0.15,0.10,0.00","0.51,0.42,0.60"
José Luis Gayà,"0.02,0.00,0.00","0.06,0.03,0.20","0.08,0.03,0.20"
Marc Baró Ortiz,,,
Jon Ander Garrido,"0.05,0.05,0.00","0.05,0.05,0.00","0.09,0.10,0.00"
Sergio González,"0.00,0.00,0.00","0.00,0.00,0.00","0.00,0.00,0.00"
Geoffrey Kondogbia,"0.05,0.08,0.00","0.05,0.04,0.00","0.09,0.11,0.00"
Daniel Wass,"0.05,0.05,0.20","0.14,0.15,0.20","0.19,0.20,0.40"
Iván Alejo,"0.00,0.08,0.76","0.00,0.15,0.00","0.00,0.23,0.76"
Alberto Perea,"0.00,0.20,0.00","0.17,0.08,0.00","0.17,0.28,0.00"
David Gil,,,
Álvaro Giménez,"0.21,0.16,0.00","0.00,0.00,2.00","0.21,0.16,2.00"
Carlos Akapo,"0.00,0.00,0.00","0.00,0.00,0.00","0.00,0.00,0.00"
Fali,"0.00,0.04,0.00","0.00,0.00,0.00","0.00,0.04,0.00"
Yann Bodiger,"0.00,0.00,0.00","0.00,0.00,0.00","0.00,0.00,0.00"
Alberto Cifuentes,,,
Jeremías Ledesma,,,
Filip Malbašić,"0.25,0.00,0.00","0.12,0.38,0.63","0.31,0.38,0.63"
Anthony Lozano,"0.00,0.40,0.00","0.00,0.04,0.00","0.00,0.44,0.00"
Augusto Fernández,"0.11,0.00,0.00","0.00,0.00,0.00","0.11,0.00,0.00"
Marcos Mauro López Gutiérrez,"0.08,0.13,0.00","0.00,0.00,0.00","0.08,0.13,0.00"
Jorge Pombo,"0.00,0.00,0.29","0.22,0.23,0.00","0.22,0.23,0.29"
Tomáš Vaclík,,,
Alejandro Pozo Pozo,"['0.06', '0.00', None]","['0.17', '0.00', None]","['0.23', '0.00', None]"
Jens Jønsson,"0.19,0.03,0.00","0.00,0.03,0.00","0.19,0.07,0.00"
Javier Díaz,,,
José Mari,"0.03,0.05,0.00","0.00,0.05,0.00","0.00,0.09,0.00"
Franco Vázquez,"0.14,0.31,0.00","0.14,0.06,0.00","0.28,0.37,0.00"
Carlos Fernández,"0.38,0.44,0.00","0.09,0.10,0.00","0.42,0.50,0.00"
Bryan,"0.16,0.39,0.00","0.00,0.39,0.00","0.16,0.78,0.00"
Óscar Rodríguez Arnaiz,"0.14,0.40,0.00","0.11,0.09,0.00","0.25,0.40,0.00"
Sergi Gómez,"0.00,0.00,0.00","0.02,0.00,0.00","0.02,0.00,0.00"
Óliver Torres,"0.11,0.21,0.00","0.17,0.21,0.00","0.28,0.43,0.00"
Sergio Escudero,"0.00,0.06,0.00","0.04,0.06,0.00","0.04,0.11,0.00"
Nemanja Gudelj,"0.03,0.00,0.00","0.03,0.00,0.00","0.07,0.00,0.00"
Youssef En-Nesyri,"0.26,0.48,0.51","0.13,0.00,0.00","0.39,0.48,0.51"
Munir El Haddadi,"0.47,0.52,0.70","0.07,0.15,0.70","0.54,0.67,1.40"
Suso,"0.06,0.14,0.00","0.13,0.07,0.00","0.19,0.22,0.00"
Salvi,"0.09,0.00,0.26","0.14,0.23,0.00","0.23,0.23,0.26"
Jules Koundé,"0.02,0.03,0.00","0.02,0.03,0.00","0.04,0.06,0.00"
Fernando,"0.08,0.08,0.00","0.16,0.08,0.00","0.24,0.16,0.00"
Marcos Acuña,"0.03,0.07,0.00","0.26,0.11,0.00","0.29,0.18,0.00"
Luuk de Jong,"0.75,0.31,0.76","0.15,0.10,0.00","0.90,0.41,0.76"
Joan Jordán,"0.12,0.06,0.00","0.12,0.06,0.31","0.24,0.12,0.31"
Lucas Ocampos,"0.14,0.42,0.26","0.22,0.13,0.00","0.36,0.42,0.00"
Ivan Rakitić,"0.11,0.04,0.32","0.21,0.21,0.00","0.32,0.26,0.32"
Jesús Navas,"0.03,0.00,0.00","0.18,0.20,0.46","0.21,0.20,0.46"
Diego Carlos,"0.05,0.05,0.00","0.00,0.00,0.00","0.05,0.05,0.00"
Álvaro Negredo,"['0.51', None, '0.39']","['0.26', None, '0.39']","['0.77', None, '0.78']"
Alfonso Espino,"0.00,0.03,0.00","0.21,0.06,0.00","0.21,0.09,0.00"
Rubén Yáñez,,,
Chema,"['0.00', '0.00', None]","['0.00', '0.00', None]","['0.00', '0.00', None]"
Isaac Carcelen,"0.17,0.05,0.00","0.12,0.03,0.00","0.22,0.08,0.00"
Ante Palaversa,,,
Álex Fernández,"0.20,0.34,0.00","0.20,0.16,0.00","0.26,0.29,0.00"
Jaume Doménech,,,
Cala,"0.03,0.08,0.00","0.00,0.04,0.00","0.03,0.11,0.00"
Francisco Portillo,"0.08,0.00,0.00","0.19,0.23,0.00","0.27,0.23,0.00"
Yassine Bounou,,,
Dimitri Foulquier,"0.00,0.06,0.00","0.00,0.00,0.00","0.00,0.06,0.00"
Erick Cabaco,"0.00,0.00,0.00","0.00,0.00,0.00","0.00,0.00,0.00"
Enes Ünal,"0.25,0.23,0.00","0.12,0.08,0.00","0.25,0.23,0.00"
David Timor,"0.00,0.21,0.00","0.00,0.07,0.00","0.00,0.28,0.00"
Jaime Mata,"0.53,0.39,0.47","0.20,0.11,0.00","0.56,0.39,0.47"
Cucho,"0.17,0.30,0.00","0.13,0.06,0.69","0.21,0.36,0.69"
Mathías Olivera,"0.00,0.00,0.00","0.09,0.12,0.00","0.09,0.12,0.00"
Ángel Rodríguez,"0.56,0.63,0.93","0.17,0.15,0.00","0.64,0.73,0.93"
Nemanja Maksimović,"0.03,0.05,0.00","0.03,0.00,0.00","0.05,0.05,0.00"
Arnau Tenas,,,
Santiago Ramos,,,
Mauro Arambarri,"0.03,0.03,0.00","0.06,0.03,0.00","0.09,0.05,0.00"
Damián Suárez,"0.00,0.03,0.00","0.07,0.12,0.00","0.07,0.15,0.00"
Rafinha,"['0.17', '0.00', None]","['0.08', '0.00', None]","['0.25', '0.00', None]"
Riqui Puig,"['0.00', '0.00', None]","['0.47', '0.31', None]","['0.47', '0.31', None]"
Iñaki,,,
Junior Firpo,"['0.12', '0.06', None]","['0.19', '0.06', None]","['0.31', '0.13', None]"
Konrad De La Fuente,,,
Martin Braithwaite,"['0.26', '0.22', None]","['0.04', '0.00', None]","['0.30', '0.22', None]"
Carles Aleñá,"['0.11', '0.00', None]","['0.11', '0.00', None]","['0.21', '0.00', None]"
Sergiño Dest,"0.00,0.00,0.00","0.18,0.00,0.00","0.18,0.00,0.00"
Ousmane Dembélé,"0.51,0.18,0.00","0.29,0.00,0.00","0.80,0.18,0.00"
Francisco Trincão,"0.00,0.43,0.00","0.00,0.38,0.00","0.00,0.81,0.00"
Pedri,,,
Miralem Pjanić,"0.11,0.08,0.00","0.22,0.16,0.00","0.28,0.24,0.00"
Ronald Araújo,"0.00,0.00,0.00","0.05,0.00,0.00","0.05,0.00,0.00"
Clément Lenglet,"0.05,0.11,0.00","0.00,0.03,0.00","0.05,0.13,0.00"
David Soria,,,
Antoine Griezmann,"0.47,0.39,0.00","0.24,0.10,0.00","0.64,0.49,0.00"
Ansu Fati,"0.52,1.35","0.07,0.00","0.59,1.35"
Philippe Coutinho,"0.30,0.46,0.42","0.13,0.38,0.84","0.38,0.80,1.26"
Allan Nyom,"0.05,0.06,0.00","0.05,0.03,0.25","0.10,0.09,0.25"
Marc Cucurella,"0.07,0.02,0.25","0.07,0.12,0.00","0.14,0.15,0.25"
Lionel Messi,"1.14,0.73,0.33","0.42,0.59,0.00","1.45,1.20,0.00"
Frenkie de Jong,"0.08,0.06,0.00","0.08,0.08,0.00","0.15,0.14,0.00"
Djené,"0.00,0.00,0.00","0.00,0.00,0.00","0.00,0.00,0.00"
Asier Córdoba,,,
Xabier Etxeita,"0.13,0.00,0.00","0.00,0.00,0.00","0.13,0.00,0.00"
Marc Cardona,"0.34,0.20,0.00","0.23,0.31,0.00","0.57,0.51,0.00"
Neto,,,
Raúl Navas,"0.00,0.00,0.00","0.00,0.00,0.00","0.00,0.00,0.00"
Sergio Busquets,"0.00,0.06,0.00","0.02,0.06,0.00","0.02,0.11,0.00"
Sergi Roberto,"0.03,0.03,0.33","0.20,0.06,0.00","0.22,0.09,0.33"
Jony,"0.12,0.00,0.00","0.33,0.16,0.00","0.45,0.16,0.00"
Enric Gallego,"0.00,0.31,0.00","0.00,0.00,0.00","0.00,0.31,0.00"
Jordi Alba,"0.06,0.06,0.00","0.30,0.22,0.35","0.36,0.29,0.35"
Kike Barja,"0.16,0.00,0.00","0.31,0.26,1.07","0.47,0.26,1.07"
Gerard Piqué,"0.13,0.02,0.00","0.04,0.00,0.00","0.17,0.02,0.00"
Unai García,"0.08,0.12,0.00","0.00,0.00,0.00","0.08,0.12,0.00"
Nacho Vidal,"0.00,0.00,0.00","0.16,0.00,0.00","0.16,0.00,0.00"
Aridane Hernández,"0.00,0.10,0.00","0.00,0.00,0.00","0.00,0.10,0.00"
Roberto Torres,"0.35,0.22,0.40","0.09,0.25,0.00","0.37,0.32,0.40"
Lucas Torró,"0.10,0.00,0.00","0.00,0.00,0.61","0.10,0.00,0.61"
Jonathan Calleri,"0.28,0.18,0.51","0.06,0.13,0.00","0.28,0.27,0.51"
Jon Moncayola,"[None, '0.05', '0.00']","[None, '0.00', '0.00']","[None, '0.05', '0.00']"
Facundo Roncaglia,"0.00,0.06,0.58","0.00,0.00,0.58","0.00,0.06,1.16"
Juan Cruz Armada,"0.00,0.03,0.00","0.03,0.24,0.00","0.03,0.27,0.00"
Unai Dufur,,,
Unai Arietaleanizbeaskoa,,,
Adrián López,"0.42,0.12,0.43","0.00,0.00,0.43","0.42,0.06,0.86"
Miguel Atienza,"[None, '0.00', '0.00']","[None, '0.00', '0.00']","[None, '0.00', '0.00']"
Eñaut Mendía,,,
Quique,"0.50,0.00,0.00","0.06,0.16,0.00","0.44,0.16,0.00"
Sergio Herrera,,,
Iñigo Pérez,"0.06,0.21,0.00","0.26,0.07,0.00","0.32,0.28,0.00"
José Antonio Martínez Gil,"['0.03', '0.00', None]","['0.03', '0.07', None]","['0.06', '0.07', None]"
Rubén García,"0.19,0.32,0.25","0.30,0.12,0.00","0.47,0.40,0.25"
Oier Sanjurjo,"0.08,0.08,0.00","0.00,0.04,0.26","0.08,0.12,0.26"
Álvaro Tejero,"0.00,0.00,0.00","0.00,0.00,0.00","0.00,0.00,0.00"
Damian Kądzior,"0.28,0.39,0.00","0.00,0.04,0.00","0.28,0.42,0.00"
Yoel,,,
Anaitz Arbilla,"0.04,0.04,0.00","0.13,0.00,0.90","0.17,0.04,0.90"
Sergi Enrich,"0.24,0.05,0.00","0.14,0.19,0.00","0.38,0.24,0.00"
Esteban Burgos,"0.19,0.08,0.67","0.00,0.00,0.00","0.03,0.08,0.00"
Rafa Soares,"0.00,0.00,0.00","0.11,0.00,0.00","0.11,0.00,0.00"
Yoshinori Mutō,"0.15,0.23,0.00","0.00,0.00,0.00","0.15,0.23,0.00"
Sergio Álvarez,"0.00,0.00,0.00","0.00,0.00,0.00","0.00,0.00,0.00"
Kévin Rodrigues,"0.00,0.05,0.32","0.00,0.09,0.00","0.00,0.14,0.32"
Recio,"0.00,0.00,0.00","0.00,0.00,0.00","0.00,0.00,0.00"
Pedro León,"0.21,0.05,0.00","0.00,0.09,0.31","0.21,0.14,0.31"
Papakouli Diop,"0.04,0.04,0.00","0.04,0.00,0.00","0.08,0.04,0.00"
Rober Correa,"0.03,0.00,0.00","0.08,0.00,0.00","0.11,0.00,0.00"
Kevin Omoruyi,,,
Pedro Bigas,"0.00,0.15,0.00","0.12,0.00,0.00","0.12,0.15,0.00"
Dani Escriche,"0.32,0.00,0.00","0.11,0.25,0.00","0.43,0.25,0.00"
Kelechi Nwakali,,,
Joaquín Muñoz,,,
Sergio Gómez,"0.00,0.05,0.00","0.00,0.14,0.00","0.00,0.19,0.00"
Álvaro Fernández,,,
Eugeni Valderrama,"0.30,0.15,0.00","0.19,0.10,0.00","0.38,0.24,0.00"
Javier Ontiveros,"['0.24', None, '0.00']","['0.08', None, '0.00']","['0.33', None, '0.00']"
Pedro López Muñoz,"0.00,0.00,0.00","0.16,0.06,0.00","0.16,0.06,0.00"
Pablo Maffeo,"0.00,0.00,0.51","0.00,0.07,0.00","0.00,0.07,0.51"
Edu Expósito,"0.07,0.15,0.00","0.17,0.04,0.24","0.24,0.15,0.24"
Paulo Oliveira,"0.00,0.04,0.00","0.00,0.00,0.00","0.00,0.04,0.00"
Kike,"0.19,0.25,0.49","0.00,0.05,0.00","0.19,0.31,0.49"
Jaime Seoane,"0.00,0.00,0.00","0.00,0.00,0.00","0.00,0.00,0.00"
Luisinho,"0.00,0.00,0.00","0.00,0.00,0.00","0.00,0.00,0.00"
Takashi Inui,"0.22,0.09,0.00","0.00,0.14,0.00","0.22,0.23,0.00"
Gastón Silva,"0.00,0.00,0.00","0.06,0.00,0.00","0.06,0.00,0.00"
Pablo Insua,"0.00,0.00,0.00","0.00,0.00,0.00","0.00,0.00,0.00"
Borja García,"0.03,0.16,0.00","0.13,0.10,0.00","0.16,0.26,0.00"
Juan Carlos,"0.29,0.20,0.00","0.15,0.05,0.43","0.41,0.24,0.43"
Mikel Rico,"0.00,0.20,0.00","0.00,0.14,0.00","0.00,0.33,0.00"
Rafa Mir,"0.00,0.77,0.00","0.45,0.09,0.00","0.45,0.68,0.00"
Marko Dmitrović,,,
Andrés Fernández,,,
Javi Galán,"0.00,0.05,0.00","0.12,0.05,0.00","0.12,0.10,0.00"
David Ferreiro,"0.04,0.03,0.00","0.12,0.30,0.23","0.16,0.34,0.23"
José Salinas,,,
Dimitris Siovas,"['0.00', None, '0.25']","['0.00', None, '0.00']","['0.00', None, '0.25']"
Ignacio Pastor,,,
Jorge Pulido,"0.09,0.05,0.00","0.09,0.10,0.00","0.19,0.15,0.00"
Pedro Mosquera,"0.00,0.00,0.00","0.08,0.03,0.00","0.08,0.03,0.00"
Claudio Medina,"['0.00', '0.00', None]","['0.00', '0.00', None]","['0.00', '0.00', None]"
César,,,
Luis Castillo,,,
Gerard Barri,,,
Diego Bri,,,
Jonatan Carmona Alamo,,,
Mourad El Ghezouani,"['0.00', None]","['0.00', None]","['0.00', None]"
David García,"0.07,0.00,0.00","0.04,0.00,0.00","0.11,0.00,0.00"
Shinji Okazaki,"1.00,0.44,0.00","0.00,0.00,0.00","1.00,0.44,0.00"
Víctor Rodríguez,"0.16,0.00,0.00","0.24,0.00,0.00","0.32,0.00,0.00"
Cifu,"0.09,0.06,0.00","0.00,0.00,0.00","0.09,0.06,0.00"
Ramón Folch,"0.04,0.00,0.00","0.04,0.00,0.00","0.07,0.00,0.00"
Pere Milla,"0.00,0.33,0.00","0.00,0.05,0.00","0.00,0.37,0.00"
Lucas Boyé,"0.42,0.19,0.51","0.07,0.10,0.00","0.49,0.29,0.51"
Youssouf Koné,"['0.00', None, '0.00']","['0.00', None, '0.00']","['0.00', None, '0.00']"
Juan Sánchez Miño,"0.05,0.00,0.00","0.10,0.00,0.00","0.15,0.00,0.00"
Nino,"0.26,0.22,0.00","0.08,0.10,0.00","0.34,0.32,0.00"
Raúl Guti,"0.09,0.14,0.00","0.09,0.11,0.00","0.19,0.24,0.00"
Dani Calvo,"0.05,0.03,0.00","0.00,0.03,0.00","0.05,0.05,0.00"
Omenuke Mfulu,"0.00,0.00,0.00","0.00,0.00,0.00","0.00,0.00,0.00"
Aritz Castro,,,
Tete Morente,"0.17,0.00,0.00","0.25,0.00,0.00","0.41,0.00,0.00"
Gonzalo Verdú,"0.05,0.09,0.00","0.05,0.06,0.00","0.11,0.15,0.00"
Martin Agirregabiria,"0.04,0.04,0.00","0.00,0.04,0.00","0.04,0.09,0.00"
Sergi García,,,
Pepe Blanco,,,
Josan,"0.12,0.04,0.00","0.12,0.33,0.00","0.25,0.37,0.00"
Josema,"[None, '0.00', '0.00']","[None, '0.00', '0.00']","[None, '0.00', '0.00']"
Antonio Sivera,,,
Javi López,,,
Fidel,"0.14,0.35,0.00","0.14,0.24,0.00","0.29,0.38,0.00"
Adrián Marín,"['0.00', '0.00', None]","['0.00', '0.00', None]","['0.00', '0.00', None]"
Borja Sainz,,,
Abdallahi Mahmoud,,,
Manu García,"0.07,0.00,0.00","0.04,0.00,0.00","0.11,0.00,0.00"
Burgui,"['0.10', '0.00', None]","['0.10', '0.00', None]","['0.10', '0.00', None]"
Luis Rioja,"0.15,0.00,0.00","0.06,0.00,0.00","0.21,0.00,0.00"
Rodrigo Ely,"0.00,0.08,0.53","0.00,0.00,0.00","0.00,0.08,0.53"
Tomás Pina Isla,"0.08,0.07,0.00","0.00,0.00,0.00","0.08,0.07,0.00"
Ximo Navarro,"0.07,0.00,0.00","0.07,0.00,0.00","0.14,0.00,0.00"
John Guidetti,"0.36,0.00,0.00","0.12,0.00,0.00","0.48,0.00,0.00"
Deyverson,"0.29,0.27,0.00","0.08,0.27,0.30","0.37,0.55,0.30"
Lucas Pérez,"0.75,0.40,0.00","0.00,0.18,0.43","0.75,0.40,0.43"
Oier Zarraga,,,
Florian Lejeune,"0.00,0.29,0.00","0.00,0.00,0.00","0.00,0.29,0.00"
Rubén Duarte,"0.00,0.00,0.00","0.00,0.03,0.00","0.00,0.03,0.00"
Aitor Paredes Casamichana,,,
Édgar Méndez,"0.00,0.10,0.21","0.00,0.00,0.00","0.00,0.10,0.21"
Unai Vencedor Paris,,,
Víctor Laguardia,"0.03,0.03,0.00","0.06,0.07,0.00","0.08,0.10,0.00"
Jokin Ezkieta,,,
Joselu,"0.28,0.36,0.25","0.09,0.06,0.00","0.37,0.39,0.25"
Rodrigo Battaglia,"0.00,0.00,0.00","0.00,0.00,0.00","0.00,0.00,0.00"
Pere Pons,"0.03,0.08,0.00","0.06,0.08,0.00","0.09,0.17,0.00"
Iñigo Vicente,"[None, '0.16', '0.00']","[None, '0.38', '0.00']","[None, '0.55', '0.00']"
Iñigo Lekue,"0.00,0.00,0.00","0.00,0.11,0.00","0.00,0.11,0.00"
Álex Berenguer,"0.27,0.00,0.00","0.13,0.00,0.00","0.40,0.00,0.00"
Kenan Kodro,"0.56,0.25,0.00","0.00,0.00,0.00","0.56,0.25,0.00"
Iñigo Córdoba,"0.00,0.06,0.00","0.24,0.24,0.00","0.24,0.30,0.00"
Asier Villalibre,"[None, '0.47', '0.00']","[None, '0.00', '0.00']","[None, '0.47', '0.00']"
Mikel Vesga,"0.04,0.00,0.00","0.08,0.11,0.00","0.12,0.11,0.00"
Jon Morcillo,,,
Yeray Álvarez,"0.00,0.00,0.00","0.00,0.00,0.00","0.00,0.00,0.00"
Oihan Sancet,"0.12,0.00","0.12,0.00","0.24,0.00"
Óscar de Marcos,"0.03,0.00,0.00","0.10,0.17,0.00","0.14,0.17,0.00"
Unai Núñez,"0.00,0.00,0.00","0.00,0.00,0.00","0.00,0.00,0.00"
Mikel Balenziaga,"0.00,0.00,0.00","0.00,0.00,0.00","0.00,0.00,0.00"
Iñaki Williams,"0.40,0.24,0.00","0.11,0.05,0.35","0.51,0.26,0.35"
Édgar Badía,,,
Unai López,"0.00,0.05,0.62","0.00,0.19,0.00","0.00,0.23,0.62"
Fernando Pacheco,,,
Dani García,"0.00,0.00,0.00","0.03,0.03,0.00","0.03,0.03,0.00"
Ander Capa,"0.00,0.08,0.00","0.00,0.14,0.28","0.00,0.22,0.28"
Dani Cárdenas,,,
Pablo Martínez,,,
Hernâni Fortes,"['0.41', '0.24', None]","['0.41', '0.00', None]","['0.81', '0.24', None]"
Koke Vegas,,,
Iker Muniain,"0.25,0.19,0.00","0.11,0.06,0.00","0.32,0.25,0.00"
Coke,"0.22,0.08,0.00","0.00,0.00,0.00","0.22,0.08,0.00"
Dani Gómez,"0.40,0.00","0.04,0.00","0.36,0.00"
Yuri Berchiche,"0.05,0.11,0.00","0.05,0.03,0.00","0.11,0.14,0.00"
Jorge de Frutos,"0.00,0.13,0.00","0.00,0.07,0.00","0.00,0.20,0.00"
Sergio León,"0.23,0.12,0.00","0.15,0.00,0.00","0.31,0.12,0.00"
Unai Simón,,,
Son,"[None, '0.00', '0.00']","[None, '0.16', '0.00']","[None, '0.16', '0.00']"
Rober,"0.03,0.00,0.00","0.03,0.00,0.00","0.06,0.00,0.00"
Raúl García,"0.33,0.40,0.00","0.15,0.05,0.00","0.40,0.27,0.00"
Roger Martí,"0.62,0.43,0.95","0.00,0.04,0.95","0.52,0.32,1.89"
Toño,"0.10,0.00,0.00","0.10,0.11,0.00","0.20,0.11,0.00"
Iñigo Martínez,"0.00,0.03,0.00","0.03,0.05,0.00","0.03,0.08,0.00"
Nemanja Radoja,"[None, '0.04', '0.00']","[None, '0.00', '0.00']","[None, '0.04', '0.00']"
Óscar Duarte,"0.00,0.16,0.00","0.00,0.00,0.00","0.00,0.16,0.00"
Sergio Postigo,"0.06,0.04,0.00","0.06,0.04,0.00","0.11,0.08,0.00"
Carlos Clerc,"0.03,0.00,0.00","0.05,0.09,0.00","0.08,0.09,0.00"
Mickael Malsa,"0.00,0.00,0.00","0.00,0.03,0.00","0.00,0.03,0.00"
Oriol Rey,,,
Samuel Pérez,,,
Gonzalo Melero,"0.13,0.14,0.36","0.06,0.07,0.00","0.13,0.14,0.36"
Sergio López Galache,,,
Kuki,,,
Gaizka Campos Bahillo,,,
Miguel Ángel Rubio,,,
Jorge Miramón,"0.04,0.00,0.00","0.00,0.11,0.33","0.04,0.11,0.33"
Nikola Vukčević,"0.00,0.00,0.00","0.00,0.11,0.00","0.00,0.11,0.00"
Jordi Masip,,,
Jawad El Yamiq,"0.00,0.00,0.00","0.08,0.00,0.00","0.08,0.00,0.00"
Enis Bardhi,"0.09,0.30,0.00","0.12,0.09,0.00","0.21,0.38,0.00"
José Luis Morales,"0.33,0.14,0.85","0.14,0.07,0.28","0.39,0.21,1.13"
Rúben Vezo,"0.13,0.00,0.00","0.07,0.00,0.00","0.20,0.00,0.00"
Aitor Fernández,,,
Maranhão,"0.83,0.34,0.00","0.00,0.08,0.00","0.83,0.39,0.00"
Shon Weissman,"0.91,0.00","0.14,0.00","0.99,0.00"
Luismi,"['0.05', '0.00', None]","['0.11', '0.00', None]","['0.16', '0.00', None]"
Javi Moyano,"0.00,0.00,0.00","0.04,0.00,0.00","0.04,0.00,0.00"
Kike Pérez,,,
Joaquín Fernández,"0.08,0.11,0.00","0.00,0.00,0.00","0.08,0.11,0.00"
Pablo Hervías,"0.00,0.08,0.00","0.00,0.00,0.00","0.00,0.08,0.00"
Toni Villa,"0.10,0.00,0.54","0.10,0.06,0.00","0.20,0.06,0.54"
Waldo Rubio,"0.18,0.00,0.00","0.00,0.19,0.00","0.18,0.19,0.00"
Raúl García,"0.00,0.00,0.00","0.30,0.09,0.00","0.30,0.09,0.00"
Luis Pérez,"0.00,0.00,0.00","0.00,0.11,0.00","0.00,0.11,0.00"
Javi Sánchez,"0.26,0.00,0.00","0.00,0.15,0.00","0.26,0.15,0.00"
Fede San Emeterio,"0.06,0.00,0.00","0.03,0.00,0.00","0.09,0.00,0.00"
Óscar Plano,"0.12,0.14,0.00","0.12,0.07,0.00","0.25,0.21,0.00"
Nehuén Pérez,,,
Nacho,"0.03,0.00,0.00","0.08,0.09,0.25","0.11,0.09,0.25"
Míchel,"0.04,0.04,0.45","0.07,0.08,0.00","0.11,0.08,0.45"
Sergi Guardiola,"0.18,0.27,0.26","0.06,0.07,0.26","0.24,0.34,0.26"
Manuel Sánchez,"[None, '0.00', None]","[None, '0.00', None]","[None, '0.00', None]"
Victor Mollejo,,,
Ivo Grbić,,,
Bruno González,"0.00,0.00,0.00","0.00,0.00,0.00","0.00,0.00,0.00"
Sergio Camello,"['2.00', '0.00', None]","['0.00', '0.00', None]","['2.00', '0.00', None]"
Fabián Orellana,"0.10,0.30,0.00","0.16,0.26,0.00","0.23,0.41,0.00"
Roberto,,,
Mario Hermoso,"0.09,0.00,0.00","0.00,0.00,0.00","0.09,0.00,0.00"
Thomas Lemar,"0.10,0.00,0.00","0.21,0.00,0.00","0.31,0.00,0.00"
Marcos Llorente,"0.09,0.26,0.89","0.00,0.21,0.89","0.09,0.47,1.78"
Héctor Herrera,"0.21,0.06,0.00","0.03,0.12,0.00","0.23,0.18,0.00"
Vitolo,"0.08,0.18,0.00","0.25,0.12,0.00","0.33,0.30,0.00"
Yannick Carrasco,"0.74,0.12,0.00","0.30,0.25,0.00","0.74,0.37,0.00"
Diego Costa,"0.30,0.25,0.76","0.18,0.25,0.00","0.47,0.40,0.76"
Koke,"0.15,0.13,0.00","0.15,0.15,0.00","0.31,0.28,0.00"
Ángel Correa,"0.17,0.22,0.47","0.10,0.22,0.95","0.28,0.45,1.42"
João Félix,"0.71,0.33,0.38","0.31,0.11,0.38","0.98,0.36,0.77"
Sergio Carreira,,,
Luis Suárez,"0.54,0.71,1.19","0.24,0.37,0.60","0.68,1.02,1.79"
Thomas Partey,"0.10,0.10,0.00","0.20,0.03,0.00","0.30,0.13,0.00"
Raúl Blanco,,,
Stefan Savić,"0.00,0.04,0.00","0.10,0.00,0.00","0.10,0.04,0.00"
Miguel Rodríguez,,,
Gabriel Veiga,,,
José Fontán,"0.00,0.00","0.00,0.00","0.00,0.00"
Saúl Ñíguez,"0.14,0.15,0.00","0.07,0.00,0.00","0.21,0.11,0.00"
David Juncà,"['0.00', '0.00', None]","['0.15', '0.00', None]","['0.15', '0.00', None]"
Renan Lodi,"0.22,0.03,0.00","0.11,0.08,0.00","0.34,0.11,0.00"
Miguel Baeza,,,
Kieran Trippier,"0.03,0.00,0.00","0.14,0.16,0.00","0.17,0.16,0.00"
Brais Méndez,"0.23,0.00,0.00","0.26,0.12,0.00","0.45,0.12,0.00"
Fran Beltrán,"0.06,0.05,0.00","0.00,0.00,0.00","0.06,0.05,0.00"
Santi Mina,"0.43,0.28,0.00","0.20,0.14,0.00","0.63,0.42,0.00"
Jan Oblak,,,
Néstor Araujo,"0.10,0.03,0.00","0.03,0.06,0.00","0.13,0.09,0.00"
Okay Yokuşlu,"0.08,0.00,0.00","0.00,0.09,0.00","0.08,0.09,0.00"
Iván Villar,,,
Emre Mor,"['0.00', None, '0.00']","['0.00', None, '0.00']","['0.00', None, '0.00']"
Iago Aspas,"0.80,0.38,0.60","0.23,0.08,0.00","0.84,0.33,0.60"
Andriy Lunin,,,
Víctor Chust,,,
Diego Altube,,,
Denis Suárez,"0.00,0.05,0.00","0.00,0.26,0.30","0.00,0.31,0.30"
Sergio Arribas,,,
Joseph Aidoo,"0.06,0.00,0.00","0.00,0.03,0.00","0.06,0.03,0.00"
Marvin Olawale Akinlabi Park,,,
Jeison Murillo,"0.00,0.06,0.00","0.00,0.00,0.00","0.00,0.06,0.00"
Renato Tapia,"0.00,0.00,0.00","0.00,0.00,0.00","0.00,0.00,0.00"
Hugo Mallo,"0.03,0.00,0.00","0.12,0.05,0.00","0.15,0.05,0.00"
Lucas Olaza,"0.00,0.03,0.00","0.20,0.09,0.00","0.20,0.11,0.00"
Nolito,"0.31,0.56,0.00","0.08,0.28,0.25","0.39,0.56,0.25"
Álvaro Odriozola,"0.00,0.00,0.00","0.50,0.42,0.00","0.50,0.42,0.00"
Lucas Vázquez,"0.18,0.26,0.00","0.14,0.09,0.00","0.32,0.35,0.00"
Borja Mayoral,"0.23,0.33,0.00","0.09,0.08,0.00","0.32,0.41,0.00"
Rodrygo,"0.25,0.44,0.00","0.50,0.19,0.99","0.75,0.63,0.99"
Nacho,"0.00,0.26,0.00","0.04,0.00,0.00","0.04,0.26,0.00"
Marco Asensio,"0.23,0.74,0.00","0.19,0.25,0.00","0.42,0.98,0.00"
Marcelo,"0.10,0.10,0.00","0.13,0.24,0.00","0.24,0.34,0.00"
Martin Ødegaard,"0.28,0.22,0.00","0.34,0.28,0.00","0.59,0.49,0.00"
Isco,"0.31,0.17,0.00","0.10,0.11,0.00","0.42,0.28,0.00"
Luka Jović,"0.74,0.22,0.00","0.16,0.22,0.00","0.85,0.44,0.00"
Vinicius Júnior,"0.21,0.25,0.95","0.41,0.15,0.00","0.62,0.39,0.95"
Luka Modrić,"0.08,0.17,0.00","0.19,0.24,0.00","0.27,0.41,0.00"
Ferland Mendy,"0.07,0.04,0.00","0.10,0.11,0.00","0.17,0.15,0.00"
Toni Kroos,"0.03,0.15,0.00","0.14,0.20,0.00","0.17,0.35,0.00"
Gerónimo Rulli,,,
Dani Carvajal,"0.03,0.02,0.00","0.15,0.17,0.00","0.18,0.19,0.00"
