name,goals_per90,assists_per90,goals_assists_pens_per90
Yassine Bounou,,,
Oriol Rey,,,
Kevin Omoruyi,,,
Sergio López Galache,,,
Samuel Pérez,,,
Álvaro Fernández,,,
Juan Peñaloza,,,
Dani Rebollo,,,
Yoel,,,
José Salinas,,,
Kenan Kodro,"0.56,0.25,0.00","0.00,0.00,0.00","0.56,0.25,0.00"
Ignacio Pastor,,,
Claudio Medina,"['0.00', '0.00', None]","['0.00', '0.00', None]","['0.00', '0.00', None]"
Mourad El Ghezouani,"['0.00', None]","['0.00', None]","['0.00', None]"
César,,,
Luis Castillo,,,
Aitor Paredes Casamichana,,,
Víctor Ruiz,"['0.00', '0.00', None]","['0.00', '0.04', None]","['0.00', '0.04', None]"
Oier Zarraga,,,
Jokin Ezkieta,,,
Unai Vencedor Paris,,,
Jonatan Carmona Alamo,,,
Unai Dufur,,,
Diego Bri,,,
Iñigo Lekue,"0.00,0.00,0.00","0.00,0.11,0.00","0.00,0.11,0.00"
Unai Arietaleanizbeaskoa,,,
Eñaut Mendía,,,
José Antonio Martínez Gil,"['0.03', '0.00', None]","['0.03', '0.07', None]","['0.06', '0.07', None]"
Miguel Atienza,"[None, '0.00', '0.00']","[None, '0.00', '0.00']","[None, '0.00', '0.00']"
Quique,"0.50,0.00,0.00","0.06,0.16,0.00","0.44,0.16,0.00"
Anaitz Arbilla,"0.04,0.04,0.00","0.13,0.00,0.90","0.17,0.04,0.90"
Sergi Enrich,"0.24,0.05,0.00","0.14,0.19,0.00","0.38,0.24,0.00"
Damian Kądzior,"0.28,0.39,0.00","0.00,0.04,0.00","0.28,0.42,0.00"
Álvaro Tejero,"0.00,0.00,0.00","0.00,0.00,0.00","0.00,0.00,0.00"
Rafa Soares,"0.00,0.00,0.00","0.11,0.00,0.00","0.11,0.00,0.00"
Esteban Burgos,"0.19,0.08,0.67","0.00,0.00,0.00","0.03,0.08,0.00"
Antonio Sivera,,,
Yoshinori Mutō,"0.15,0.23,0.00","0.00,0.00,0.00","0.15,0.23,0.00"
Aritz Castro,,,
Joaquín Muñoz,,,
Adrián Marín,"['0.00', '0.00', None]","['0.00', '0.00', None]","['0.00', '0.00', None]"
Dani Escriche,"0.32,0.00,0.00","0.11,0.25,0.00","0.43,0.25,0.00"
Kelechi Nwakali,,,
Luisinho,"0.00,0.00,0.00","0.00,0.00,0.00","0.00,0.00,0.00"
Burgui,"['0.10', '0.00', None]","['0.10', '0.00', None]","['0.10', '0.00', None]"
Gastón Silva,"0.00,0.00,0.00","0.06,0.00,0.00","0.06,0.00,0.00"
Sergio Gómez,"0.00,0.05,0.00","0.00,0.14,0.00","0.00,0.19,0.00"
Pablo Martínez,,,
Dani Cárdenas,,,
Eugeni Valderrama,"0.30,0.15,0.00","0.19,0.10,0.00","0.38,0.24,0.00"
Koke Vegas,,,
Pedro López Muñoz,"0.00,0.00,0.00","0.16,0.06,0.00","0.16,0.06,0.00"
Pablo Maffeo,"0.00,0.00,0.51","0.00,0.07,0.00","0.00,0.07,0.51"
Pablo Insua,"0.00,0.00,0.00","0.00,0.00,0.00","0.00,0.00,0.00"
Hernâni Fortes,"['0.41', '0.24', None]","['0.41', '0.00', None]","['0.81', '0.24', None]"
Jorge de Frutos,"0.00,0.13,0.00","0.00,0.07,0.00","0.00,0.20,0.00"
Dani Gómez,"0.40,0.00","0.04,0.00","0.36,0.00"
Coke,"0.22,0.08,0.00","0.00,0.00,0.00","0.22,0.08,0.00"
Álex Berenguer,"0.27,0.00,0.00","0.13,0.00,0.00","0.40,0.00,0.00"
Oihan Sancet,"0.12,0.00","0.12,0.00","0.24,0.00"
Iñigo Vicente,"[None, '0.16', '0.00']","[None, '0.38', '0.00']","[None, '0.55', '0.00']"
Iñigo Córdoba,"0.00,0.06,0.00","0.24,0.24,0.00","0.24,0.30,0.00"
Asier Villalibre,"[None, '0.47', '0.00']","[None, '0.00', '0.00']","[None, '0.47', '0.00']"
Mikel Vesga,"0.04,0.00,0.00","0.08,0.11,0.00","0.12,0.11,0.00"
Óscar de Marcos,"0.03,0.00,0.00","0.10,0.17,0.00","0.14,0.17,0.00"
Yeray Álvarez,"0.00,0.00,0.00","0.00,0.00,0.00","0.00,0.00,0.00"
Kuki,,,
Mikel Balenziaga,"0.00,0.00,0.00","0.00,0.00,0.00","0.00,0.00,0.00"
Gaizka Campos Bahillo,,,
Miguel Ángel Rubio,,,
Maranhão,"0.83,0.34,0.00","0.00,0.08,0.00","0.83,0.39,0.00"
Shon Weissman,"0.91,0.00","0.14,0.00","0.99,0.00"
Jordi Masip,,,
Jawad El Yamiq,"0.00,0.00,0.00","0.08,0.00,0.00","0.08,0.00,0.00"
Javi Moyano,"0.00,0.00,0.00","0.04,0.00,0.00","0.04,0.00,0.00"
Pablo Hervías,"0.00,0.08,0.00","0.00,0.00,0.00","0.00,0.08,0.00"
Joaquín Fernández,"0.08,0.11,0.00","0.00,0.00,0.00","0.08,0.11,0.00"
Nicholas Opoku,,,
Guillem Molina Gutiérrez,,,
Koba Koindredi,,,
Cristian,,,
Raúl García,"0.00,0.00,0.00","0.30,0.09,0.00","0.30,0.09,0.00"
Carlos Marín,,,
Fran Delgado,,,
Carlos Soler,"0.09,0.09,0.00","0.21,0.00,0.00","0.31,0.09,0.00"
Geovanni Barba,,,
Rubén Sobrino,"0.21,0.44,0.00","0.21,0.00,0.00","0.43,0.44,0.00"
Paul Akouokou,,,
Jasper Cillessen,,,
Diego Lainez,"0.18,0.00,0.00","0.18,0.00,0.00","0.36,0.00,0.00"
Loren Morón,"0.27,0.48,0.00","0.10,0.13,0.00","0.37,0.61,0.00"
Aitor Ruibal,"0.40,0.00,0.00","0.13,0.00,0.00","0.53,0.00,0.00"
Andrés Guardado,"0.00,0.00,0.00","0.12,0.13,0.00","0.12,0.13,0.00"
Martín Montoya,"0.00,0.00,0.00","0.04,0.05,0.00","0.04,0.05,0.00"
Juanmi,"0.31,0.34,0.00","0.10,0.00,0.00","0.42,0.34,0.00"
Andoni Zubiaurre,,,
Cristian Tello,"0.19,0.21,1.02","0.30,0.00,0.00","0.48,0.21,1.02"
Sidnei,"0.07,0.08,0.00","0.03,0.00,0.00","0.10,0.08,0.00"
Borja Iglesias,"0.52,0.13,0.00","0.08,0.09,0.00","0.49,0.22,0.00"
Jon Pacheco,,,
Joseba Zaldúa,"['0.04', '0.00', None]","['0.07', '0.07', None]","['0.11', '0.07', None]"
Claudio Bravo,,,
Antonio Sanabria,"0.35,0.39,0.00","0.00,0.13,0.00","0.35,0.52,0.00"
Roberto Navarro,,,
Julen Lobete,,,
Aritz Arambarri,,,
Jérémy Blasco,,,
Urko González,,,
Martín Merquelanz,"['0.00', '0.45', None]","['0.00', '0.37', None]","['0.00', '0.68', None]"
Gerard Barri,,,
Jon Guridi,"[None, '0.08', None]","[None, '0.11', None]","[None, '0.19', None]"
Modibo Sagnan,"['0.00', None, '0.00']","['0.00', None, '0.00']","['0.00', None, '0.00']"
Miguel Ángel Moyá,,,
Víctor Rodríguez,"0.16,0.00,0.00","0.24,0.00,0.00","0.32,0.00,0.00"
Ramón Folch,"0.04,0.00,0.00","0.04,0.00,0.00","0.07,0.00,0.00"
Nino,"0.26,0.22,0.00","0.08,0.10,0.00","0.34,0.32,0.00"
Juan Sánchez Miño,"0.05,0.00,0.00","0.10,0.00,0.00","0.15,0.00,0.00"
Luismi,"['0.05', '0.00', None]","['0.11', '0.00', None]","['0.16', '0.00', None]"
Youssouf Koné,"['0.00', None, '0.00']","['0.00', None, '0.00']","['0.00', None, '0.00']"
Cifu,"0.09,0.06,0.00","0.00,0.00,0.00","0.09,0.06,0.00"
Recio,"0.00,0.00,0.00","0.00,0.00,0.00","0.00,0.00,0.00"
Kévin Rodrigues,"0.00,0.05,0.32","0.00,0.09,0.00","0.00,0.14,0.32"
Papakouli Diop,"0.04,0.04,0.00","0.04,0.00,0.00","0.08,0.04,0.00"
Pedro León,"0.21,0.05,0.00","0.00,0.09,0.31","0.21,0.14,0.31"
Sergio Álvarez,"0.00,0.00,0.00","0.00,0.00,0.00","0.00,0.00,0.00"
Pedro Bigas,"0.00,0.15,0.00","0.12,0.00,0.00","0.12,0.15,0.00"
Rober Correa,"0.03,0.00,0.00","0.08,0.00,0.00","0.11,0.00,0.00"
Paulo Oliveira,"0.00,0.04,0.00","0.00,0.00,0.00","0.00,0.04,0.00"
Pepe Blanco,,,
Sergi García,,,
Edu Expósito,"0.07,0.15,0.00","0.17,0.04,0.24","0.24,0.15,0.24"
Martin Agirregabiria,"0.04,0.04,0.00","0.00,0.04,0.00","0.04,0.09,0.00"
Manu García,"0.07,0.00,0.00","0.04,0.00,0.00","0.11,0.00,0.00"
Kike,"0.19,0.25,0.49","0.00,0.05,0.00","0.19,0.31,0.49"
Javi López,,,
Abdallahi Mahmoud,,,
Borja Sainz,,,
Takashi Inui,"0.22,0.09,0.00","0.00,0.14,0.00","0.22,0.23,0.00"
John Guidetti,"0.36,0.00,0.00","0.12,0.00,0.00","0.48,0.00,0.00"
José Cabrera,,,
Alejandro Baena,,,
Tomás Pina Isla,"0.08,0.07,0.00","0.00,0.00,0.00","0.08,0.07,0.00"
Rodrigo Ely,"0.00,0.08,0.53","0.00,0.00,0.00","0.00,0.08,0.53"
Dani Raba,"['0.24', '0.27', None]","['0.47', '0.07', None]","['0.71', '0.27', None]"
Gerónimo Rulli,,,
Lucas Pérez,"0.75,0.40,0.00","0.00,0.18,0.43","0.75,0.40,0.43"
Fernando Niño,"1.38,0.00","0.00,0.00","1.38,0.00"
Javier Ontiveros,"['0.24', None, '0.00']","['0.08', None, '0.00']","['0.33', None, '0.00']"
Sofian Chakla,"0.00,0.00,0.00","0.00,0.00,0.00","0.00,0.00,0.00"
Jaime Seoane,"0.00,0.00,0.00","0.00,0.00,0.00","0.00,0.00,0.00"
Borja García,"0.03,0.16,0.00","0.13,0.10,0.00","0.16,0.26,0.00"
Juan Carlos,"0.29,0.20,0.00","0.15,0.05,0.43","0.41,0.24,0.43"
Mikel Rico,"0.00,0.20,0.00","0.00,0.14,0.00","0.00,0.33,0.00"
Rafa Mir,"0.00,0.77,0.00","0.45,0.09,0.00","0.45,0.68,0.00"
Dimitris Siovas,"['0.00', None, '0.25']","['0.00', None, '0.00']","['0.00', None, '0.25']"
David Ferreiro,"0.04,0.03,0.00","0.12,0.30,0.23","0.16,0.34,0.23"
Shinji Okazaki,"1.00,0.44,0.00","0.00,0.00,0.00","1.00,0.44,0.00"
Jorge Pulido,"0.09,0.05,0.00","0.09,0.10,0.00","0.19,0.15,0.00"
Javi Galán,"0.00,0.05,0.00","0.12,0.05,0.00","0.12,0.10,0.00"
Son,"[None, '0.00', '0.00']","[None, '0.16', '0.00']","[None, '0.16', '0.00']"
Rober,"0.03,0.00,0.00","0.03,0.00,0.00","0.06,0.00,0.00"
Pedro Mosquera,"0.00,0.00,0.00","0.08,0.03,0.00","0.08,0.03,0.00"
Sergio León,"0.23,0.12,0.00","0.15,0.00,0.00","0.31,0.12,0.00"
Toño,"0.10,0.00,0.00","0.10,0.11,0.00","0.20,0.11,0.00"
Roger Martí,"0.62,0.43,0.95","0.00,0.04,0.95","0.52,0.32,1.89"
Nemanja Radoja,"[None, '0.04', '0.00']","[None, '0.00', '0.00']","[None, '0.04', '0.00']"
Jon Morcillo,,,
Kike Pérez,,,
Toni Villa,"0.10,0.00,0.54","0.10,0.06,0.00","0.20,0.06,0.54"
Luis Pérez,"0.00,0.00,0.00","0.00,0.11,0.00","0.00,0.11,0.00"
Waldo Rubio,"0.18,0.00,0.00","0.00,0.19,0.00","0.18,0.19,0.00"
Iker Muniain,"0.25,0.19,0.00","0.11,0.06,0.00","0.32,0.25,0.00"
Yuri Berchiche,"0.05,0.11,0.00","0.05,0.03,0.00","0.11,0.14,0.00"
Míchel,"0.04,0.04,0.45","0.07,0.08,0.00","0.11,0.08,0.45"
Javi Sánchez,"0.26,0.00,0.00","0.00,0.15,0.00","0.26,0.15,0.00"
Óscar Plano,"0.12,0.14,0.00","0.12,0.07,0.00","0.25,0.21,0.00"
Sergi Guardiola,"0.18,0.27,0.26","0.06,0.07,0.26","0.24,0.34,0.26"
Nacho,"0.03,0.00,0.00","0.08,0.09,0.25","0.11,0.09,0.25"
Bruno González,"0.00,0.00,0.00","0.00,0.00,0.00","0.00,0.00,0.00"
Roberto,,,
Toni Lato,"0.00,0.19,0.00","0.00,0.00,0.00","0.00,0.19,0.00"
Alejandro Blanco,"0.00,0.29,0.00","0.00,0.10,0.00","0.00,0.39,0.00"
Denis Cheryshev,"0.16,0.22,0.00","0.20,0.15,4.50","0.36,0.37,4.50"
Eliaquim Mangala,"0.00,0.00,0.00","0.00,0.00,0.00","0.00,0.00,0.00"
Uroš Račić,"0.00,0.11,0.00","0.00,0.04,0.00","0.00,0.15,0.00"
Manu Vallejo,"0.32,0.37,1.29","0.10,0.00,0.00","0.42,0.37,1.29"
Kévin Gameiro,"0.41,0.35,0.00","0.20,0.13,0.00","0.61,0.48,0.00"
Jean-Pierre Rhyner,,,
Saturday Erimuya,,,
Juan Flere,,,
Esquerdo,"0.00,0.00","0.00,0.00","0.00,0.00"
Marc Baró Ortiz,,,
Jason,"0.07,0.07,0.00","0.19,0.27,0.00","0.26,0.34,0.00"
Thierry Correia,"0.00,0.00,0.00","0.00,0.00,0.00","0.00,0.00,0.00"
Gabriel Paulista,"0.00,0.02,0.50","0.02,0.02,0.00","0.02,0.05,0.50"
Arnau Tenas,,,
Jon Ander Garrido,"0.05,0.05,0.00","0.05,0.05,0.00","0.09,0.10,0.00"
Santiago Ramos,,,
Alberto Perea,"0.00,0.20,0.00","0.17,0.08,0.00","0.17,0.28,0.00"
Iñaki,,,
Joel Robles,,,
Joaquín,"0.25,0.38,0.00","0.11,0.13,0.65","0.35,0.43,0.65"
Konrad De La Fuente,,,
Riqui Puig,"['0.00', '0.00', None]","['0.47', '0.31', None]","['0.47', '0.31', None]"
Junior Firpo,"['0.12', '0.06', None]","['0.19', '0.06', None]","['0.31', '0.13', None]"
Rafinha,"['0.17', '0.00', None]","['0.08', '0.00', None]","['0.25', '0.00', None]"
Martín Zubimendi,,,
Roberto López,,,
Jon Bautista,"0.13,0.15,0.00","0.00,0.10,0.00","0.13,0.25,0.00"
Willian José,"0.38,0.47,0.00","0.17,0.04,0.00","0.38,0.51,0.00"
Igor Zubeldia,"0.03,0.00,0.00","0.03,0.03,0.00","0.06,0.03,0.00"
Diego Llorente,"['0.04', '0.00', None]","['0.04', '0.00', None]","['0.07', '0.00', None]"
Ander Barrenetxea,"0.23,0.14,0.00","0.00,0.14,0.00","0.23,0.28,0.00"
Adnan Januzaj,"0.12,0.21,0.76","0.24,0.21,0.00","0.37,0.41,0.00"
Ander Guevara,"0.00,0.00,0.00","0.00,0.00,0.00","0.00,0.00,0.00"
Nacho Monreal,"0.00,0.07,0.00","0.00,0.00,0.00","0.00,0.07,0.00"
Aihen Muñoz,"0.00,0.00,0.00","0.00,0.00,0.00","0.00,0.00,0.00"
Dani Calvo,"0.05,0.03,0.00","0.00,0.03,0.00","0.05,0.05,0.00"
Pere Milla,"0.00,0.33,0.00","0.00,0.05,0.00","0.00,0.37,0.00"
Raúl Guti,"0.09,0.14,0.00","0.09,0.11,0.00","0.19,0.24,0.00"
Gonzalo Verdú,"0.05,0.09,0.00","0.05,0.06,0.00","0.11,0.15,0.00"
Lucas Boyé,"0.42,0.19,0.51","0.07,0.10,0.00","0.49,0.29,0.51"
Omenuke Mfulu,"0.00,0.00,0.00","0.00,0.00,0.00","0.00,0.00,0.00"
Tete Morente,"0.17,0.00,0.00","0.25,0.00,0.00","0.41,0.00,0.00"
David Silva,"0.24,0.21,0.00","0.27,0.38,0.00","0.51,0.59,0.00"
Josan,"0.12,0.04,0.00","0.12,0.33,0.00","0.25,0.37,0.00"
Josema,"[None, '0.00', '0.00']","[None, '0.00', '0.00']","[None, '0.00', '0.00']"
Fidel,"0.14,0.35,0.00","0.14,0.24,0.00","0.29,0.38,0.00"
Marko Dmitrović,,,
Luis Rioja,"0.15,0.00,0.00","0.06,0.00,0.00","0.21,0.00,0.00"
Ximo Navarro,"0.07,0.00,0.00","0.07,0.00,0.00","0.14,0.00,0.00"
Deyverson,"0.29,0.27,0.00","0.08,0.27,0.30","0.37,0.55,0.30"
Florian Lejeune,"0.00,0.29,0.00","0.00,0.00,0.00","0.00,0.29,0.00"
Édgar Méndez,"0.00,0.10,0.21","0.00,0.00,0.00","0.00,0.10,0.21"
Rubén Duarte,"0.00,0.00,0.00","0.00,0.03,0.00","0.00,0.03,0.00"
Víctor Laguardia,"0.03,0.03,0.00","0.06,0.07,0.00","0.08,0.10,0.00"
Rodrigo Battaglia,"0.00,0.00,0.00","0.00,0.00,0.00","0.00,0.00,0.00"
Pere Pons,"0.03,0.08,0.00","0.06,0.08,0.00","0.09,0.17,0.00"
Ramiro Funes Mori,"0.05,0.12,0.00","0.03,0.00,0.00","0.08,0.12,0.00"
Joselu,"0.28,0.36,0.25","0.09,0.06,0.00","0.37,0.39,0.25"
Jaume Costa,"0.04,0.00,0.00","0.04,0.05,0.00","0.08,0.05,0.00"
Carlos Bacca,"0.52,0.22,0.00","0.09,0.11,0.00","0.52,0.32,0.00"
Takefusa Kubo,"0.35,0.15,0.00","0.26,0.15,0.00","0.62,0.30,0.00"
Rubén Peña,"0.03,0.08,0.00","0.07,0.08,0.00","0.10,0.17,0.00"
Alfonso Pedraza,"0.13,0.07,0.00","0.13,0.00,0.00","0.25,0.07,0.00"
Andrés Fernández,,,
Óscar Duarte,"0.00,0.16,0.00","0.00,0.00,0.00","0.00,0.16,0.00"
Mickael Malsa,"0.00,0.00,0.00","0.00,0.03,0.00","0.00,0.03,0.00"
Sergio Postigo,"0.06,0.04,0.00","0.06,0.04,0.00","0.11,0.08,0.00"
José Luis Morales,"0.33,0.14,0.85","0.14,0.07,0.28","0.39,0.21,1.13"
Nikola Vukčević,"0.00,0.00,0.00","0.00,0.11,0.00","0.00,0.11,0.00"
Rúben Vezo,"0.13,0.00,0.00","0.07,0.00,0.00","0.20,0.00,0.00"
Jorge Miramón,"0.04,0.00,0.00","0.00,0.11,0.33","0.04,0.11,0.33"
Gonzalo Melero,"0.13,0.14,0.36","0.06,0.07,0.00","0.13,0.14,0.36"
Enis Bardhi,"0.09,0.30,0.00","0.12,0.09,0.00","0.21,0.38,0.00"
Carlos Clerc,"0.03,0.00,0.00","0.05,0.09,0.00","0.08,0.09,0.00"
Iñaki Williams,"0.40,0.24,0.00","0.11,0.05,0.35","0.51,0.26,0.35"
Aitor Fernández,,,
Unai Núñez,"0.00,0.00,0.00","0.00,0.00,0.00","0.00,0.00,0.00"
Unai Simón,,,
Unai López,"0.00,0.05,0.62","0.00,0.19,0.00","0.00,0.23,0.62"
Ander Capa,"0.00,0.08,0.00","0.00,0.14,0.28","0.00,0.22,0.28"
Dani García,"0.00,0.00,0.00","0.03,0.03,0.00","0.03,0.03,0.00"
Raúl García,"0.33,0.40,0.00","0.15,0.05,0.00","0.40,0.27,0.00"
Lee Kangin,"0.00,0.25,0.00","0.00,0.00,0.80","0.00,0.25,0.80"
Fabián Orellana,"0.10,0.30,0.00","0.16,0.26,0.00","0.23,0.41,0.00"
Sergio González,"0.00,0.00,0.00","0.00,0.00,0.00","0.00,0.00,0.00"
Emerson,"0.00,0.09,0.00","0.00,0.18,0.00","0.00,0.27,0.00"
William Carvalho,"0.00,0.00,0.55","0.13,0.00,0.00","0.13,0.00,0.55"
Carlos Akapo,"0.00,0.00,0.00","0.00,0.00,0.00","0.00,0.00,0.00"
Quini,"['0.04', '0.00', None]","['0.00', '0.00', None]","['0.04', '0.00', None]"
Iván Alejo,"0.00,0.08,0.76","0.00,0.15,0.00","0.00,0.23,0.76"
Aarón Escandell,,,
Álvaro Giménez,"0.21,0.16,0.00","0.00,0.00,2.00","0.21,0.16,2.00"
Gorka Zabarte,,,
Aïssa Mandi,"0.04,0.00,0.26","0.02,0.00,0.00","0.06,0.00,0.26"
Nabil Fekir,"0.38,0.23,0.24","0.32,0.13,0.47","0.58,0.33,0.47"
Guido Rodríguez,"0.13,0.09,0.00","0.07,0.00,0.00","0.20,0.09,0.00"
Álex Moreno,"0.03,0.00,0.00","0.03,0.15,0.00","0.06,0.15,0.00"
Sergio Canales,"0.21,0.17,0.20","0.07,0.17,0.40","0.24,0.26,0.60"
Rubén,,,
Mikel Oyarzabal,"0.36,0.31,0.32","0.05,0.31,0.32","0.33,0.47,0.32"
Martin Braithwaite,"['0.26', '0.22', None]","['0.04', '0.00', None]","['0.30', '0.22', None]"
Portu,"0.31,0.25,0.50","0.06,0.25,0.00","0.34,0.50,0.50"
Édgar Badía,,,
Samuel Chukwueze,"0.30,0.17,0.00","0.11,0.13,0.33","0.41,0.29,0.33"
Manu Trigueros,"0.00,0.11,0.00","0.00,0.27,0.00","0.00,0.33,0.00"
Fernando Pacheco,,,
Pervis Estupiñán,"0.16,0.03,0.00","0.11,0.17,0.00","0.27,0.20,0.00"
Mario Gaspar,"0.03,0.00,0.00","0.05,0.09,0.24","0.08,0.09,0.24"
Francis Coquelin,"0.00,0.00,0.00","0.03,0.03,0.00","0.03,0.03,0.00"
Vicente Iborra,"0.18,0.03,0.00","0.05,0.07,0.00","0.23,0.10,0.00"
Pau Torres,"0.03,0.06,0.00","0.03,0.06,0.00","0.05,0.12,0.00"
Paco Alcácer,"0.77,0.38,0.75","0.22,0.09,0.00","0.98,0.47,0.75"
Gerard Moreno,"0.38,0.57,0.62","0.09,0.16,0.21","0.47,0.70,0.41"
Moi Gómez,"0.06,0.18,0.00","0.21,0.14,0.00","0.27,0.32,0.00"
Yunus Musah,,,
Raúl Albiol,"0.04,0.03,0.00","0.00,0.00,0.00","0.04,0.03,0.00"
José Campaña,"0.11,0.06,0.00","0.24,0.19,0.25","0.35,0.25,0.25"
Iñigo Martínez,"0.00,0.03,0.00","0.03,0.05,0.00","0.03,0.08,0.00"
Fede San Emeterio,"0.06,0.00,0.00","0.03,0.00,0.00","0.09,0.00,0.00"
Hugo Guillamón,,,
Yann Bodiger,"0.00,0.00,0.00","0.00,0.00,0.00","0.00,0.00,0.00"
Fali,"0.00,0.04,0.00","0.00,0.00,0.00","0.00,0.04,0.00"
David Gil,,,
João Paulo Santos Costa,,,
Filip Malbašić,"0.25,0.00,0.00","0.12,0.38,0.63","0.31,0.38,0.63"
Augusto Fernández,"0.11,0.00,0.00","0.00,0.00,0.00","0.11,0.00,0.00"
Anthony Lozano,"0.00,0.40,0.00","0.00,0.04,0.00","0.00,0.44,0.00"
Jeremías Ledesma,,,
Gonçalo Guedes,"0.29,0.12,0.00","0.15,0.12,0.00","0.44,0.24,0.00"
Antonio Cortés,"['0.48', None, '4.50']","['0.00', None, '0.00']","['0.48', None, '4.50']"
Rubén Yáñez,,,
Luis Javier Suárez,"0.27,0.53,0.00","0.04,0.11,0.00","0.31,0.56,0.00"
Alberto Soro,"0.13,0.15,0.00","0.13,0.23,0.00","0.25,0.38,0.00"
Yan Brice Eteki,"0.00,0.00,0.00","0.03,0.00,0.00","0.03,0.00,0.00"
Fede Vico,"0.16,0.20,0.00","0.22,0.10,0.00","0.35,0.20,0.00"
Ángel Montoro,"0.15,0.18,0.00","0.15,0.46,1.02","0.31,0.65,1.02"
Ante Palaversa,,,
Chema,"['0.00', '0.00', None]","['0.00', '0.00', None]","['0.00', '0.00', None]"
Francisco Portillo,"0.08,0.00,0.00","0.19,0.23,0.00","0.27,0.23,0.00"
Kevin Vázquez,"['0.00', '0.00', None]","['0.00', '0.00', None]","['0.00', '0.00', None]"
Aimar Oroz,,,
Javi Martínez,,,
Erick Cabaco,"0.00,0.00,0.00","0.00,0.00,0.00","0.00,0.00,0.00"
Carles Aleñá,"['0.11', '0.00', None]","['0.11', '0.00', None]","['0.21', '0.00', None]"
Juan Pérez,,,
Enes Ünal,"0.25,0.23,0.00","0.12,0.08,0.00","0.25,0.23,0.00"
Robin Le Normand,"0.00,0.03,0.00","0.34,0.00,0.00","0.34,0.03,0.00"
Jorge Sáenz,"['0.12', '0.00', None]","['0.06', '0.00', None]","['0.18', '0.00', None]"
Marc Bartra,"0.02,0.10,0.00","0.00,0.03,0.00","0.02,0.14,0.00"
Álvaro Vadillo,"['0.19', None, '0.00']","['0.06', None, '0.00']","['0.19', None, '0.00']"
Andoni Gorosabel,"0.00,0.00,0.00","0.00,0.00,0.00","0.00,0.00,0.00"
Alexander Isak,"0.86,0.68,0.00","0.40,0.10,0.00","0.99,0.78,0.00"
Álex Remiro,,,
Mikel Merino,"0.16,0.15,0.20","0.12,0.03,0.40","0.29,0.18,0.60"
Ivan Šaponjić,"[None, '0.00', None]","[None, '0.00', None]","[None, '0.00', None]"
Daniel Parejo,"0.19,0.22,0.00","0.13,0.13,0.00","0.23,0.20,0.00"
Mouctar Diakhaby,"0.09,0.00,0.00","0.00,0.00,0.00","0.09,0.00,0.00"
Geoffrey Kondogbia,"0.05,0.08,0.00","0.05,0.04,0.00","0.09,0.11,0.00"
Alberto Cifuentes,,,
Jens Jønsson,"0.19,0.03,0.00","0.00,0.03,0.00","0.19,0.07,0.00"
Víctor Díaz,"0.05,0.03,0.00","0.00,0.14,0.00","0.05,0.17,0.00"
José Mari,"0.03,0.05,0.00","0.00,0.05,0.00","0.00,0.09,0.00"
Maxi Gómez,"0.39,0.32,0.60","0.15,0.10,0.00","0.51,0.42,0.60"
Álvaro Negredo,"['0.51', None, '0.39']","['0.26', None, '0.39']","['0.77', None, '0.78']"
José Luis Gayà,"0.02,0.00,0.00","0.06,0.03,0.20","0.08,0.03,0.20"
Daniel Wass,"0.05,0.05,0.20","0.14,0.15,0.20","0.19,0.20,0.40"
Ramon Azeez,"0.00,0.12,0.00","0.00,0.06,0.00","0.00,0.18,0.00"
Jorge Molina,"0.52,0.26,0.57","0.16,0.13,0.00","0.61,0.30,0.57"
Germán Sánchez,"0.03,0.10,0.46","0.03,0.00,0.00","0.05,0.10,0.46"
Carlos Neva,"0.00,0.00,0.00","0.00,0.04,0.00","0.00,0.04,0.00"
Kenedy,"[None, '0.28', '0.00']","[None, '0.47', '0.57']","[None, '0.75', '0.57']"
Roberto Soldado,"0.37,0.34,0.47","0.25,0.17,0.00","0.62,0.45,0.47"
Darwin Machís,"0.15,0.26,0.44","0.15,0.26,0.44","0.31,0.49,0.88"
Maxime Gonalons,"0.00,0.05,0.00","0.00,0.05,0.00","0.00,0.09,0.00"
Jesús Vallejo,"0.00,0.00,0.00","0.00,0.00,0.00","0.00,0.00,0.00"
Domingos Duarte,"0.10,0.08,0.00","0.00,0.03,0.00","0.10,0.11,0.00"
Jaime Mata,"0.53,0.39,0.47","0.20,0.11,0.00","0.56,0.39,0.47"
David Timor,"0.00,0.21,0.00","0.00,0.07,0.00","0.00,0.28,0.00"
Nemanja Maksimović,"0.03,0.05,0.00","0.03,0.00,0.00","0.05,0.05,0.00"
Mathías Olivera,"0.00,0.00,0.00","0.09,0.12,0.00","0.09,0.12,0.00"
Cucho,"0.17,0.30,0.00","0.13,0.06,0.69","0.21,0.36,0.69"
Damián Suárez,"0.00,0.03,0.00","0.07,0.12,0.00","0.07,0.15,0.00"
Ángel Rodríguez,"0.56,0.63,0.93","0.17,0.15,0.00","0.64,0.73,0.93"
Allan Nyom,"0.05,0.06,0.00","0.05,0.03,0.25","0.10,0.09,0.25"
Javier Delgado,,,
Asier Córdoba,,,
Mauro Arambarri,"0.03,0.03,0.00","0.06,0.03,0.00","0.09,0.05,0.00"
David Soria,,,
Djené,"0.00,0.00,0.00","0.00,0.00,0.00","0.00,0.00,0.00"
Xabier Etxeita,"0.13,0.00,0.00","0.00,0.00,0.00","0.13,0.00,0.00"
Marc Cardona,"0.34,0.20,0.00","0.23,0.31,0.00","0.57,0.51,0.00"
Jony,"0.12,0.00,0.00","0.33,0.16,0.00","0.45,0.16,0.00"
Raúl Navas,"0.00,0.00,0.00","0.00,0.00,0.00","0.00,0.00,0.00"
Kike Barja,"0.16,0.00,0.00","0.31,0.26,1.07","0.47,0.26,1.07"
Unai García,"0.08,0.12,0.00","0.00,0.00,0.00","0.08,0.12,0.00"
Aridane Hernández,"0.00,0.10,0.00","0.00,0.00,0.00","0.00,0.10,0.00"
Enric Gallego,"0.00,0.31,0.00","0.00,0.00,0.00","0.00,0.31,0.00"
Sergiño Dest,"0.00,0.00,0.00","0.18,0.00,0.00","0.18,0.00,0.00"
Jonathan Calleri,"0.28,0.18,0.51","0.06,0.13,0.00","0.28,0.27,0.51"
Facundo Roncaglia,"0.00,0.06,0.58","0.00,0.00,0.58","0.00,0.06,1.16"
Pedri,,,
Lucas Torró,"0.10,0.00,0.00","0.00,0.00,0.61","0.10,0.00,0.61"
Francisco Trincão,"0.00,0.43,0.00","0.00,0.38,0.00","0.00,0.81,0.00"
Ronald Araújo,"0.00,0.00,0.00","0.05,0.00,0.00","0.05,0.00,0.00"
Ousmane Dembélé,"0.51,0.18,0.00","0.29,0.00,0.00","0.80,0.18,0.00"
Ansu Fati,"0.52,1.35","0.07,0.00","0.59,1.35"
Miralem Pjanić,"0.11,0.08,0.00","0.22,0.16,0.00","0.28,0.24,0.00"
Clément Lenglet,"0.05,0.11,0.00","0.00,0.03,0.00","0.05,0.13,0.00"
Antoine Griezmann,"0.47,0.39,0.00","0.24,0.10,0.00","0.64,0.49,0.00"
Philippe Coutinho,"0.30,0.46,0.42","0.13,0.38,0.84","0.38,0.80,1.26"
Víctor Chust,,,
Diego Altube,,,
Sergio Arribas,,,
Marvin Olawale Akinlabi Park,,,
Andriy Lunin,,,
Diego Pampín,,,
Iago Domínguez,,,
Jordi Alba,"0.06,0.06,0.00","0.30,0.22,0.35","0.36,0.29,0.35"
Sergio Busquets,"0.00,0.06,0.00","0.02,0.06,0.00","0.02,0.11,0.00"
Lucas Vázquez,"0.18,0.26,0.00","0.14,0.09,0.00","0.32,0.35,0.00"
Sergio Carreira,,,
Borja Mayoral,"0.23,0.33,0.00","0.09,0.08,0.00","0.32,0.41,0.00"
Álvaro Odriozola,"0.00,0.00,0.00","0.50,0.42,0.00","0.50,0.42,0.00"
Raúl Blanco,,,
Miguel Rodríguez,,,
José Fontán,"0.00,0.00","0.00,0.00","0.00,0.00"
Gabriel Veiga,,,
Miguel Baeza,,,
David Juncà,"['0.00', '0.00', None]","['0.15', '0.00', None]","['0.15', '0.00', None]"
Santi Mina,"0.43,0.28,0.00","0.20,0.14,0.00","0.63,0.42,0.00"
Brais Méndez,"0.23,0.00,0.00","0.26,0.12,0.00","0.45,0.12,0.00"
Néstor Araujo,"0.10,0.03,0.00","0.03,0.06,0.00","0.13,0.09,0.00"
Fran Beltrán,"0.06,0.05,0.00","0.00,0.00,0.00","0.06,0.05,0.00"
Ricard Sánchez,,,
Manuel Sánchez,"[None, '0.00', None]","[None, '0.00', None]","[None, '0.00', None]"
Victor Mollejo,,,
Ivo Grbić,,,
Sergio Camello,"['2.00', '0.00', None]","['0.00', '0.00', None]","['2.00', '0.00', None]"
Nehuén Pérez,,,
Aritz Elustondo,"0.04,0.00,0.00","0.04,0.05,0.00","0.08,0.05,0.00"
Thomas Lemar,"0.10,0.00,0.00","0.21,0.00,0.00","0.31,0.00,0.00"
Mario Hermoso,"0.09,0.00,0.00","0.00,0.00,0.00","0.09,0.00,0.00"
Marcos Llorente,"0.09,0.26,0.89","0.00,0.21,0.89","0.09,0.47,1.78"
Héctor Herrera,"0.21,0.06,0.00","0.03,0.12,0.00","0.23,0.18,0.00"
Vitolo,"0.08,0.18,0.00","0.25,0.12,0.00","0.33,0.30,0.00"
Diego Costa,"0.30,0.25,0.76","0.18,0.25,0.00","0.47,0.40,0.76"
Sergio Asenjo,,,
Jaume Doménech,,,
Jorge Pombo,"0.00,0.00,0.29","0.22,0.23,0.00","0.22,0.23,0.29"
Marcos Mauro López Gutiérrez,"0.08,0.13,0.00","0.00,0.00,0.00","0.08,0.13,0.00"
Salvi,"0.09,0.00,0.26","0.14,0.23,0.00","0.23,0.23,0.26"
Isaac Carcelen,"0.17,0.05,0.00","0.12,0.03,0.00","0.22,0.08,0.00"
Álex Fernández,"0.20,0.34,0.00","0.20,0.16,0.00","0.26,0.29,0.00"
Antonio Puertas,"0.37,0.21,0.00","0.07,0.12,0.00","0.44,0.33,0.00"
Yangel Herrera,"0.00,0.06,0.30","0.00,0.10,0.00","0.00,0.16,0.30"
Cala,"0.03,0.08,0.00","0.00,0.04,0.00","0.03,0.11,0.00"
Luis Milla,"0.05,0.23,0.27","0.13,0.17,0.00","0.18,0.26,0.27"
Nacho Vidal,"0.00,0.00,0.00","0.16,0.00,0.00","0.16,0.00,0.00"
Roberto Torres,"0.35,0.22,0.40","0.09,0.25,0.00","0.37,0.32,0.40"
Juan Cruz Armada,"0.00,0.03,0.00","0.03,0.24,0.00","0.03,0.27,0.00"
Rui Silva,,,
Marc Cucurella,"0.07,0.02,0.25","0.07,0.12,0.00","0.14,0.15,0.25"
Iñigo Pérez,"0.06,0.21,0.00","0.26,0.07,0.00","0.32,0.28,0.00"
Jon Moncayola,"[None, '0.05', '0.00']","[None, '0.00', '0.00']","[None, '0.05', '0.00']"
Adrián López,"0.42,0.12,0.43","0.00,0.00,0.43","0.42,0.06,0.86"
Sergio Herrera,,,
Javier Díaz,,,
Oier Sanjurjo,"0.08,0.08,0.00","0.00,0.04,0.26","0.08,0.12,0.26"
Rubén García,"0.19,0.32,0.25","0.30,0.12,0.00","0.47,0.40,0.25"
Alejandro Pozo Pozo,"['0.06', '0.00', None]","['0.17', '0.00', None]","['0.23', '0.00', None]"
Tomáš Vaclík,,,
Franco Vázquez,"0.14,0.31,0.00","0.14,0.06,0.00","0.28,0.37,0.00"
Bryan,"0.16,0.39,0.00","0.00,0.39,0.00","0.16,0.78,0.00"
Óscar Rodríguez Arnaiz,"0.14,0.40,0.00","0.11,0.09,0.00","0.25,0.40,0.00"
Carlos Fernández,"0.38,0.44,0.00","0.09,0.10,0.00","0.42,0.50,0.00"
Nacho,"0.00,0.26,0.00","0.04,0.00,0.00","0.04,0.26,0.00"
Neto,,,
Lionel Messi,"1.14,0.73,0.33","0.42,0.59,0.00","1.45,1.20,0.00"
Sergi Roberto,"0.03,0.03,0.33","0.20,0.06,0.00","0.22,0.09,0.33"
Gerard Piqué,"0.13,0.02,0.00","0.04,0.00,0.00","0.17,0.02,0.00"
Okay Yokuşlu,"0.08,0.00,0.00","0.00,0.09,0.00","0.08,0.09,0.00"
Iván Villar,,,
Denis Suárez,"0.00,0.05,0.00","0.00,0.26,0.30","0.00,0.31,0.30"
Emre Mor,"['0.00', None, '0.00']","['0.00', None, '0.00']","['0.00', None, '0.00']"
Renato Tapia,"0.00,0.00,0.00","0.00,0.00,0.00","0.00,0.00,0.00"
Joseph Aidoo,"0.06,0.00,0.00","0.00,0.03,0.00","0.06,0.03,0.00"
Jeison Murillo,"0.00,0.06,0.00","0.00,0.00,0.00","0.00,0.06,0.00"
Nolito,"0.31,0.56,0.00","0.08,0.28,0.25","0.39,0.56,0.25"
Lucas Olaza,"0.00,0.03,0.00","0.20,0.09,0.00","0.20,0.11,0.00"
Hugo Mallo,"0.03,0.00,0.00","0.12,0.05,0.00","0.15,0.05,0.00"
Yannick Carrasco,"0.74,0.12,0.00","0.30,0.25,0.00","0.74,0.37,0.00"
João Félix,"0.71,0.33,0.38","0.31,0.11,0.38","0.98,0.36,0.77"
Saúl Ñíguez,"0.14,0.15,0.00","0.07,0.00,0.00","0.21,0.11,0.00"
Ángel Correa,"0.17,0.22,0.47","0.10,0.22,0.95","0.28,0.45,1.42"
Stefan Savić,"0.00,0.04,0.00","0.10,0.00,0.00","0.10,0.04,0.00"
Koke,"0.15,0.13,0.00","0.15,0.15,0.00","0.31,0.28,0.00"
Thomas Partey,"0.10,0.10,0.00","0.20,0.03,0.00","0.30,0.13,0.00"
Luis Suárez,"0.54,0.71,1.19","0.24,0.37,0.60","0.68,1.02,1.79"
Kieran Trippier,"0.03,0.00,0.00","0.14,0.16,0.00","0.17,0.16,0.00"
Jan Oblak,,,
Renan Lodi,"0.22,0.03,0.00","0.11,0.08,0.00","0.34,0.11,0.00"
David García,"0.07,0.00,0.00","0.04,0.00,0.00","0.11,0.00,0.00"
Alfonso Espino,"0.00,0.03,0.00","0.21,0.06,0.00","0.21,0.09,0.00"
Sergi Gómez,"0.00,0.00,0.00","0.02,0.00,0.00","0.02,0.00,0.00"
Dimitri Foulquier,"0.00,0.06,0.00","0.00,0.00,0.00","0.00,0.06,0.00"
Óliver Torres,"0.11,0.21,0.00","0.17,0.21,0.00","0.28,0.43,0.00"
Sergio Escudero,"0.00,0.06,0.00","0.04,0.06,0.00","0.04,0.11,0.00"
Youssef En-Nesyri,"0.26,0.48,0.51","0.13,0.00,0.00","0.39,0.48,0.51"
Nemanja Gudelj,"0.03,0.00,0.00","0.03,0.00,0.00","0.07,0.00,0.00"
Iago Aspas,"0.80,0.38,0.60","0.23,0.08,0.00","0.84,0.33,0.60"
Isco,"0.31,0.17,0.00","0.10,0.11,0.00","0.42,0.28,0.00"
Frenkie de Jong,"0.08,0.06,0.00","0.08,0.08,0.00","0.15,0.14,0.00"
Martin Ødegaard,"0.28,0.22,0.00","0.34,0.28,0.00","0.59,0.49,0.00"
Rodrygo,"0.25,0.44,0.00","0.50,0.19,0.99","0.75,0.63,0.99"
Marco Asensio,"0.23,0.74,0.00","0.19,0.25,0.00","0.42,0.98,0.00"
Marcelo,"0.10,0.10,0.00","0.13,0.24,0.00","0.24,0.34,0.00"
Felipe,"0.05,0.06,0.00","0.05,0.00,0.00","0.10,0.06,0.00"
Munir El Haddadi,"0.47,0.52,0.70","0.07,0.15,0.70","0.54,0.67,1.40"
Jules Koundé,"0.02,0.03,0.00","0.02,0.03,0.00","0.04,0.06,0.00"
Suso,"0.06,0.14,0.00","0.13,0.07,0.00","0.19,0.22,0.00"
Fernando,"0.08,0.08,0.00","0.16,0.08,0.00","0.24,0.16,0.00"
Marcos Acuña,"0.03,0.07,0.00","0.26,0.11,0.00","0.29,0.18,0.00"
Joan Jordán,"0.12,0.06,0.00","0.12,0.06,0.31","0.24,0.12,0.31"
Luuk de Jong,"0.75,0.31,0.76","0.15,0.10,0.00","0.90,0.41,0.76"
Lucas Ocampos,"0.14,0.42,0.26","0.22,0.13,0.00","0.36,0.42,0.00"
Diego Carlos,"0.05,0.05,0.00","0.00,0.00,0.00","0.05,0.05,0.00"
Vinicius Júnior,"0.21,0.25,0.95","0.41,0.15,0.00","0.62,0.39,0.95"
Ivan Rakitić,"0.11,0.04,0.32","0.21,0.21,0.00","0.32,0.26,0.32"
Jesús Navas,"0.03,0.00,0.00","0.18,0.20,0.46","0.21,0.20,0.46"
Luka Jović,"0.74,0.22,0.00","0.16,0.22,0.00","0.85,0.44,0.00"
Toni Kroos,"0.03,0.15,0.00","0.14,0.20,0.00","0.17,0.35,0.00"
Dani Carvajal,"0.03,0.02,0.00","0.15,0.17,0.00","0.18,0.19,0.00"
Ferland Mendy,"0.07,0.04,0.00","0.10,0.11,0.00","0.17,0.15,0.00"
Federico Valverde,"0.00,0.07,0.31","0.00,0.17,0.00","0.00,0.23,0.31"
Casemiro,"0.11,0.11,0.00","0.00,0.11,0.00","0.11,0.22,0.00"
Karim Benzema,"0.66,0.61,0.25","0.20,0.25,0.25","0.79,0.75,0.51"
Luka Modrić,"0.08,0.17,0.00","0.19,0.24,0.00","0.27,0.41,0.00"
Thibaut Courtois,,,
Raphaël Varane,"0.05,0.09,0.00","0.00,0.02,0.00","0.05,0.12,0.00"
Sergio Ramos,"0.26,0.31,0.25","0.03,0.00,0.00","0.08,0.14,0.00"
